"36.104795053748774,139.3909375877995"
"36.104724224943084,139.39102286601258"
"36.104752558983478,139.39115063629288"
"36.104858946083539,139.39118619998317"
"36.104929774889229,139.39122175108298"
"36.104951170660058,139.39132814537766"
"36.104880054071316,139.39150564187196"
"36.104738386567362,139.39152674356444"
"36.104560891871699,139.39151980529482"
"36.10440505375027,139.39157647157697"
"36.104312838167004,139.39164758816571"
"36.104312838167004,139.39166666728295"
"36.104312838167004,139.39167147865589"
"36.104312838167004,139.3918036960838"
"36.104433386891344,139.39187481177316"
"36.104454504771638,139.39193147895469"
"36.10440505375027,139.3922009212356"
"36.104190333417193,139.39239647161992"
"36.103924251902754,139.39261430630529"
"36.102360892041588,139.39389425381682"
"36.101977279028233,139.39421036281809"
"36.101627027265522,139.39449866388225"
"36.101435333174152,139.39465647241832"
"36.101300891722815,139.39474147903604"
"36.101229775134072,139.39484814492596"
"36.101179774626928,139.39504452718325"
"36.101157000195428,139.39513313918314"
"36.101134224864666,139.39522202277817"
"36.101066720852543,139.39548702960283"
"36.100605613258494,139.39596953296768"
"36.100692000335584,139.39603841833843"
"36.100712000358556,139.39605452699493"
"36.10095450524625,139.39610481168779"
"36.101087837833518,139.39613258095392"
"36.101116440771193,139.39625341116607"
"36.101151721175029,139.39653730195494"
"36.101137558651487,139.39724702982664"
"36.100712000358556,139.39726841840286"
"36.100089225237582,139.3972859138139"
"36.099999999900149,139.39733861228717"
"36.09999950527299,139.39733891086212"
"36.099933108326354,139.39737814468572"
"36.09985117109472,139.39745175059784"
"36.099791171025799,139.39750591406676"
"36.099782559117841,139.39754230873064"
"36.099748667267249,139.39768341056106"
"36.09976977525497,139.39839341092727"
"36.09975950499723,139.39854147890617"
"36.099755612731371,139.39859924775715"
"36.09969894644928,139.39869147862885"
"36.099507559026677,139.39872702972866"
"36.099237837955911,139.3987128663058"
"36.099181170774443,139.398748144911"
"36.099152837633426,139.39877674425145"
"36.099152837633426,139.39901063633181"
"36.099131440963276,139.39938674360337"
"36.099131440963276,139.39947202271571"
"36.098777000158464,139.39957841790977"
"36.098627837704612,139.39963841797862"
"36.098599775259459,139.39964953269987"
"36.098422559353708,139.39966369612273"
"36.098266440643783,139.39973481181221"
"36.098174225060518,139.39996897458855"
"36.098147332633346,139.40000000029988"
"36.098143170570893,139.40000481167283"
"36.098081999584679,139.40007535719201"
"36.097358666769082,139.40130341112354"
"36.096979505399929,139.40193369558369"
"36.096893108430265,139.40206841762347"
"36.096660333307796,139.4024303632707"
"36.096114505080379,139.4031756422421"
"36.09582366702864,139.40351647180785"
"36.095703108411783,139.40372230863773"
"36.095631999916918,139.40393508373722"
"36.095561171111228,139.40418369592089"
"36.095624774763621,139.40428508368973"
"36.095717279029259,139.40443202301947"
"36.095740891628907,139.40452674411404"
"36.095752559433151,139.40457396931336"
"36.095752559433151,139.40468063610254"
"36.095667559110609,139.40475147929737"
"36.095255612956237,139.40480175139976"
"36.09502950540741,139.40482953325647"
"36.094926441302277,139.40493147860491"
"36.094784774697644,139.40525092139296"
"36.094628666779613,139.40571202269177"
"36.094309504579996,139.40693313925308"
"36.094061135213281,139.40803313871845"
"36.094002360020966,139.4083333333167"
"36.094001413934166,139.40833814468965"
"36.093890585981796,139.40890396934276"
"36.093855026788106,139.40922341123155"
"36.093855026788106,139.40956399528227"
"36.093911972759372,139.40996871628329"
"36.093865027249251,139.41016483773717"
"36.093858080885759,139.41019316458289"
"36.093784197982416,139.41050121925593"
"36.093858640264109,139.41095510979051"
"36.093869198304901,139.41101900122601"
"36.093940305900446,139.4112603891557"
"36.093855026788106,139.41131732793235"
"36.093835586143427,139.4113042796688"
"36.093642251688607,139.41117538343724"
"36.093394197983912,139.41106871574868"
"36.093025305973129,139.41104761315694"
"36.09269502725374,139.41109121858494"
"36.092574467737563,139.4110414788812"
"36.092092252155737,139.41089980508195"
"36.091985865055676,139.41141063619193"
"36.091851134921974,139.4114675875592"
"36.091666666883214,139.41141822287273"
"36.091666135383889,139.41141807988049"
"36.091638359822525,139.41141063619193"
"36.091418359569673,139.41133980468828"
"36.091248081034166,139.41135396901052"
"36.091049748147384,139.41137535668747"
"36.091014467743548,139.41144619988233"
"36.090801973232544,139.41183980526287"
"36.090236973257788,139.41279869030734"
"36.090116973119848,139.41277535739687"
"36.089741134745623,139.41261924768025"
"36.089407801928587,139.41251258089096"
"36.089301413929149,139.41244175118595"
"36.089159467635398,139.41237063639585"
"36.088769467636894,139.412150636143"
"36.088153639778682,139.41182396910096"
"36.087912802234086,139.41172063609849"
"36.087607531862147,139.41158980542525"
"36.087373639781674,139.41149036289005"
"36.087054467689597,139.41129147871879"
"36.086767531796227,139.41107674399655"
"36.086508919151356,139.41088282678106"
"36.086364468245677,139.41082228262235"
"36.085718639903348,139.41056116716425"
"36.085053081334706,139.41036977974159"
"36.084637251907679,139.41025033718336"
"36.084274747781421,139.41016172518357"
"36.084187802225358,139.41012450134474"
"36.084175585834657,139.4100497802732"
"36.084100864763172,139.40961450120835"
"36.083968080762361,139.40923199705912"
"36.083901973397417,139.40904228327486"
"36.08379030637758,139.40878116691738"
"36.083566413858989,139.40844533128711"
"36.083431225071024,139.40833810601885"
"36.083425224794325,139.4083333333167"
"36.083333332967015,139.40826044056689"
"36.083332802367011,139.40826005205989"
"36.08326835964715,139.40820894898388"
"36.083111694149409,139.40808727610693"
"36.082929468120483,139.40794613470644"
"36.082494467845493,139.40767252856438"
"36.082071972643462,139.40736141439777"
"36.081873360067561,139.40719975406546"
"36.081351414236451,139.40665252919098"
"36.081210864589764,139.40652780761229"
"36.081098918780128,139.4065028019628"
"36.08097446789742,139.4065028019628"
"36.080862801776959,139.40652780761229"
"36.080430585802958,139.40663591421617"
"36.080415306321356,139.4066397543213"
"36.080166972927486,139.4066644748857"
"36.079955865171087,139.4066397543213"
"36.079682532422964,139.40656503235039"
"36.079527251881245,139.406501140915"
"36.079259747639298,139.40639085615317"
"36.079024467904901,139.4062603105649"
"36.078722278610314,139.40609252944671"
"36.078386720870526,139.40595586307268"
"36.078076170578868,139.40586888514099"
"36.077728386555862,139.40581916971894"
"36.077119505061148,139.40571944209864"
"36.076631441188113,139.40566916999626"
"36.075985612845784,139.40549500638951"
"36.075662278691254,139.40549500638951"
"36.075420054392055,139.40547027233526"
"36.075359774633966,139.40547360612209"
"36.07531672138964,139.40547610893532"
"36.075196440663262,139.4054827756097"
"36.075171441309017,139.40550749707336"
"36.075171441309017,139.40559472141933"
"36.075482252404072,139.40647722434448"
"36.075738918916045,139.40724027212093"
"36.075796134683912,139.4074100002714"
"36.07587974825185,139.40765888494968"
"36.07597030638459,139.40795999955435"
"36.076053080885004,139.40823416327615"
"36.076080639709801,139.4083333333167"
"36.076081946424729,139.40833805385819"
"36.076115305876726,139.40845805399601"
"36.076115305876726,139.40884335863416"
"36.076003639756216,139.40911724986131"
"36.075904198120327,139.40937808023432"
"36.075854468309103,139.40955224384106"
"36.075746973244293,139.40990280227254"
"36.075720586236116,139.40996280234151"
"36.075651135191777,139.41012002631817"
"36.075560586052234,139.41032557716369"
"36.07552336041482,139.41059919589622"
"36.075499747815172,139.41083474722586"
"36.075448640242598,139.41134642010127"
"36.075447532277849,139.41135669305697"
"36.07543641395938,139.41147002562127"
"36.075399198214484,139.41159418872087"
"36.075386694040731,139.41175586344241"
"36.075382801774936,139.41186169925811"
"36.075374197960912,139.41209169907268"
"36.075287532093967,139.4126386379628"
"36.075188080565511,139.41285002630775"
"36.075163360001113,139.41302418901523"
"36.075113640082463,139.41333530498036"
"36.075073640036521,139.41346002565967"
"36.07499999995008,139.41369083036761"
"36.074999467551436,139.41369250310663"
"36.074926973201286,139.41391975369379"
"36.074852531818919,139.41409391730053"
"36.074778081443355,139.41449197072791"
"36.074613919197077,139.41531752318519"
"36.074588918943505,139.41575252885616"
"36.074526972741637,139.41633725006409"
"36.074501693698267,139.41646752315773"
"36.074478919266767,139.41658530466816"
"36.074463054326543,139.41666666723302"
"36.074462135219392,139.41667141385471"
"36.074440027185574,139.41678503240337"
"36.074440027185574,139.41690919640234"
"36.074390306367604,139.41743169891379"
"36.074365585803207,139.41752557734355"
"36.074345306091061,139.41760224364873"
"36.074328081375882,139.41766808031775"
"36.074315586195382,139.41790418922699"
"36.074328081375882,139.41799141357296"
"36.074228919429117,139.41860058375005"
"36.074193918714457,139.41870197061954"
"36.074007802218375,139.41924058358609"
"36.073992802425948,139.41928447499856"
"36.073854467809497,139.41953808021833"
"36.073661973321464,139.41979308658176"
"36.073425865311492,139.4200291963904"
"36.073376134601006,139.42012891142019"
"36.073140026591034,139.42039002597903"
"36.073014748332014,139.42056169936302"
"36.072903918581005,139.42071335923424"
"36.072717532288323,139.42112391683531"
"36.072413359988616,139.42186391678638"
"36.072239171200863,139.42238586261749"
"36.07207499996133,139.42266252915249"
"36.071898613230474,139.42285613520255"
"36.071840278705963,139.42292031082377"
"36.071755837761771,139.4230130866847"
"36.071689721403573,139.42308557743752"
"36.071031108299053,139.42257557730113"
"36.070631386629259,139.42226280208672"
"36.069643359953147,139.42159335934616"
"36.069580586375025,139.42154613504613"
"36.069484467734071,139.42147364519269"
"36.069376414190231,139.42139224395692"
"36.068531693582827,139.42082002602342"
"36.068227801871615,139.42056891102652"
"36.067892252225704,139.42023306100702"
"36.067680864780129,139.4200594423894"
"36.067519467949126,139.41994749657977"
"36.067121694210869,139.41973583663957"
"36.066810865129355,139.41948722355653"
"36.066666666933202,139.41936344986334"
"36.066666135433877,139.41936296962547"
"36.066463081106349,139.41918861176509"
"36.066065586157947,139.41890277574259"
"36.065576972799136,139.4185030612673"
"36.06517946795816,139.41803027237927"
"36.064709467867715,139.41749888456593"
"36.064321973380402,139.41706055769862"
"36.064110585934834,139.41668747124982"
"36.064099251779112,139.41667136169406"
"36.064095945871259,139.41666666723302"
"36.063961694176896,139.41647581130974"
"36.063924467640106,139.416388858559"
"36.063874747721457,139.4163141365882"
"36.063825026903544,139.4163141365882"
"36.063763080701676,139.41637635528468"
"36.063713359883707,139.41648830109432"
"36.063700864703208,139.4166499740171"
"36.063702693924256,139.41666666723302"
"36.063703225423581,139.41667136169406"
"36.063725586166925,139.41687386473711"
"36.063775306085574,139.41713496760474"
"36.063787802165393,139.41724691341437"
"36.063775306085574,139.41730914380196"
"36.063738081347424,139.41733413686097"
"36.063398640335038,139.41739581056822"
"36.063270585868906,139.4173927501754"
"36.062946134756373,139.41738552502204"
"36.062851694250355,139.4173833072939"
"36.062603359957166,139.4173460825557"
"36.062317532028551,139.41727136238353"
"36.062068918945499,139.41728386475859"
"36.061870306369599,139.41724664091976"
"36.061820585551629,139.41727136238353"
"36.061696414358096,139.41737108910456"
"36.061456693771447,139.41732496827274"
"36.061379198291434,139.41731024637079"
"36.061229748054473,139.41728163443997"
"36.061046135270999,139.4172463549354"
"36.060822532334043,139.417221634371"
"36.060710585625088,139.4172588591091"
"36.060325306168011,139.41743302181658"
"36.059952531783949,139.41745775587083"
"36.059530306378576,139.41737080401947"
"36.059331414113501,139.417221634371"
"36.059228359900942,139.41722136187639"
"36.058360387322068,139.41726160833662"
"36.058333333016947,139.4172628655889"
"36.058332802416942,139.41726289166922"
"36.057886135237027,139.41728357967349"
"36.057650027227055,139.41734581096046"
"36.057501414258923,139.41748247733449"
"36.057352251805014,139.41774358020211"
"36.057178081003713,139.41802968871923"
"36.056991693811653,139.41842775563646"
"36.056874468082299,139.41854053241968"
"36.056526414262635,139.41863997405562"
"36.056215864870296,139.41871466904684"
"36.056091413987645,139.41872717322053"
"36.056041694068995,139.4187021657724"
"36.056029467785777,139.41859021996277"
"36.055942532122231,139.417744384196"
"36.055887532283862,139.4168866153251"
"36.055880306231188,139.41677466861611"
"36.055868586266286,139.41667133561373"
"36.055868053867641,139.41666666723302"
"36.055805586059023,139.41611549883123"
"36.05554474759208,139.41607827499251"
"36.055430864642744,139.41563910456114"
"36.054999198154519,139.41433411182982"
"36.054821973255514,139.41379856015544"
"36.054138639586597,139.41432105097579"
"36.0541139190222,139.41438328136337"
"36.054279198226482,139.41491050621494"
"36.054648081244011,139.41608688690042"
"36.054683640437702,139.4161880030739"
"36.054671135364686,139.41623771669731"
"36.054596693982319,139.41629994798427"
"36.054236135089639,139.41652383870428"
"36.053923081085372,139.41666666723302"
"36.053912864786923,139.41667133561373"
"36.05339113479306,139.4169093897566"
"36.053316413721575,139.41699661500184"
"36.053291694056497,139.41705883279894"
"36.053291694056497,139.41714577205983"
"36.053341413975147,139.41746910531504"
"36.053378639612561,139.41765577219621"
"36.053366135438864,139.41821494186615"
"36.053353640258365,139.41845355358873"
"36.053363108320866,139.41851683528375"
"36.053390864996459,139.41870243826702"
"36.053453080994927,139.41886411208918"
"36.053440585814435,139.41900077756395"
"36.053415585560856,139.41913771733186"
"36.053415585560856,139.4192496631415"
"36.053502532016296,139.4194113360644"
"36.053560026574019,139.41954910500726"
"36.053564748014765,139.41956050571287"
"36.053577252188518,139.41973466931961"
"36.053577252188518,139.41980939039115"
"36.053527532269868,139.41983411185481"
"36.053440864604283,139.41983411185481"
"36.053241973238528,139.41965994824807"
"36.053080305711603,139.41937411222557"
"36.052993360155483,139.41897605699944"
"36.052993360155483,139.41862771719548"
"36.053005865228556,139.41808050581074"
"36.053005865228556,139.4178693899604"
"36.052943640236833,139.4175832814434"
"36.05283197321706,139.41714800327782"
"36.052725026738642,139.41698466930711"
"36.052593359695834,139.41690216640188"
"36.052511134681204,139.41690216640188"
"36.052445027316196,139.41690216640188"
"36.052383919282477,139.41695105085034"
"36.052362531605581,139.41696827466626"
"36.052180026786857,139.41725522674733"
"36.052131973311987,139.41733105128708"
"36.05210558630381,139.41735077791611"
"36.051868360436515,139.41752883288939"
"36.050860305858464,139.41804077825941"
"36.050731414123504,139.41810605734872"
"36.050691135287707,139.41812328116453"
"36.050221413987117,139.41832352780864"
"36.050094468385055,139.41843158225174"
"36.05,139.41851208776268"
"36.049999467601424,139.41851252932986"
"36.049878640087229,139.41861547292581"
"36.049316134831827,139.41902713399509"
"36.049218640228105,139.41909824878519"
"36.048913919341942,139.41940325565577"
"36.04841502673213,139.41986297020003"
"36.048250027217023,139.41996464305385"
"36.047920027287489,139.42010435812972"
"36.047542532362058,139.4201637997196"
"36.047437532016545,139.42018046685507"
"36.04736030633314,139.4201757463137"
"36.046825305943173,139.42014241204276"
"36.046688359879965,139.42014603091468"
"36.046093360320356,139.42016213957118"
"36.045886413727089,139.42016769108614"
"36.045762252426073,139.42011046722439"
"36.045721414211933,139.42009158236067"
"36.045714467848484,139.42008518818091"
"36.045525306247953,139.41991435836098"
"36.045327801636802,139.41973574580811"
"36.045000026629964,139.41939880670964"
"36.044955865420889,139.419353256048"
"36.044895027183827,139.41930992221523"
"36.044792251761066,139.41923630371252"
"36.044778359933389,139.4192263041507"
"36.044613080729164,139.41917547266996"
"36.044515586125442,139.41915603112602"
"36.0444864139169,139.41915019542523"
"36.044364467646119,139.41915325581817"
"36.043371134969959,139.41917741880286"
"36.041894747644569,139.41921350230132"
"36.041666666983133,139.41920613505511"
"36.041666134584489,139.41920610897478"
"36.041103918910778,139.41918795076333"
"36.041058081365406,139.41919377387364"
"36.041002252352143,139.419200725633"
"36.040278639847429,139.41931489007015"
"36.039704197890444,139.41944267204178"
"36.039628081071157,139.41946822268039"
"36.03960280202773,139.41954433230512"
"36.03960280202773,139.41957654961811"
"36.03960280202773,139.42034433232516"
"36.039551973245011,139.42053488967349"
"36.039412251873955,139.42070016887772"
"36.039209198445803,139.42082710818454"
"36.039044198031377,139.42087795135649"
"36.038841134710651,139.42089072622605"
"36.038625306412825,139.420852672313"
"36.038460305998399,139.42075099855981"
"36.038269747750697,139.42043350190465"
"36.038117801895112,139.42008294437244"
"36.038021134667702,139.41986044130635"
"36.038018918738146,139.41985516228601"
"36.038000026679924,139.41981155595863"
"36.037965586242876,139.41973128427139"
"36.03796197276688,139.41972294395873"
"36.037809468432272,139.41967211427675"
"36.037619197967672,139.41963377437924"
"36.037378080733902,139.41946878115937"
"36.037273639766738,139.41934905261678"
"36.037200586038239,139.41926544714272"
"36.037067251652388,139.41914433184547"
"36.036347251724351,139.41848958492642"
"36.036081413926183,139.41824791191164"
"36.035935224630975,139.41812897477246"
"36.035878359598655,139.41808263270741"
"36.035700586113194,139.41800680906704"
"36.035586413582166,139.4179684700689"
"36.03544669400975,139.41799403419736"
"36.035332532270616,139.41805763874913"
"36.035129198253969,139.41831124486816"
"36.03497697270916,139.41871791200208"
"36.034926134933244,139.41901014310372"
"36.034964197839486,139.41927680917752"
"36.035027802391198,139.41951819710721"
"36.035087252075073,139.41961763874315"
"36.035180027036688,139.41977236080584"
"36.035189198322882,139.41982070026518"
"36.035230864812604,139.42003902687964"
"36.034974747786407,139.4210315303809"
"36.034872802437917,139.42142625182009"
"36.034685586071021,139.42186791157496"
"36.034674467752552,139.42189457827226"
"36.034479467753272,139.42235377390762"
"36.034213081368648,139.42283627817176"
"36.033781413981103,139.42324263324099"
"36.033333333066942,139.4236315558517"
"36.03333280156761,139.42363199741885"
"36.032914748117207,139.42399486397187"
"36.032813360348371,139.42405819692829"
"36.03258586514562,139.42410930000426"
"36.031848919292258,139.42427430581461"
"36.031629748214357,139.42432124502955"
"36.031476413805478,139.4243543059066"
"36.031426972676684,139.4243648639474"
"36.031383081264266,139.42438819685788"
"36.031236694118206,139.42446625171624"
"36.031122251790521,139.42459347610804"
"36.030998360286162,139.42474236067142"
"36.030868359687076,139.42489819699429"
"36.030829026938079,139.42500000024984"
"36.030827251676385,139.42500457779909"
"36.030779747687234,139.42512708164952"
"36.030551134627217,139.42564791232132"
"36.030299468345845,139.42628958489649"
"36.030272252162774,139.42635902694758"
"36.030078081338445,139.42667875482073"
"36.029684467863945,139.42709791173934"
"36.028174170701448,139.42873680925641"
"36.027853612754086,139.42903124459633"
"36.027155279292742,139.42980596557288"
"36.026684441034206,139.43029680925042"
"36.025606946203652,139.43141929986086"
"36.025000000049999,139.43203581120383"
"36.024999440671706,139.43203635529358"
"36.024865838287838,139.43217208817134"
"36.024856107623293,139.43218291780749"
"36.024738891786455,139.43231180324722"
"36.024688054010539,139.43231180324722"
"36.024604999820959,139.43228902701708"
"36.024596387013673,139.43228680928885"
"36.024408891856922,139.43223542202713"
"36.024154999753478,139.43213374827394"
"36.023901107650033,139.43210847012983"
"36.023748891997798,139.43215929981193"
"36.023685279352208,139.43226097266586"
"36.023647225439163,139.43242596588573"
"36.023685279352208,139.43262929990237"
"36.023685559041382,139.43294680914801"
"36.023649721057836,139.43330652357724"
"36.023647225439163,139.4333295848925"
"36.023646864811042,139.43333333326677"
"36.023646387271015,139.43333791171528"
"36.023630559203013,139.43349847037814"
"36.023608613047088,139.43371791215205"
"36.023606945704046,139.43373263315459"
"36.023596667352365,139.43383625214142"
"36.023440838224133,139.43439652438019"
"36.023009440633246,139.4354381974149"
"36.022742774559447,139.4358954217364"
"36.022578053834195,139.43599708199974"
"36.022413054319031,139.43600985686942"
"36.022222505064633,139.43597180295637"
"36.022136386884824,139.4359015299317"
"36.021771666829011,139.43560319063477"
"36.021698053722275,139.43554319056594"
"36.021643332673705,139.43549846997848"
"36.021600559118554,139.435463475559"
"36.020074999561643,139.43699041467596"
"36.019716108012005,139.43658430602102"
"36.019424170988771,139.4371559663748"
"36.01924666729991,139.43754958524528"
"36.019170278885326,139.43761319069631"
"36.018650000397258,139.43784180285695"
"36.018317774645652,139.43798236059752"
"36.017842775223926,139.4381056936229"
"36.017632504736355,139.43816011699585"
"36.016666667033128,139.43846549888372"
"36.016666107654778,139.43846566795628"
"36.016423612659651,139.43854233516072"
"36.015547774610184,139.43892344985738"
"36.015433612870993,139.43841510986954"
"36.014579170592299,139.43902511012084"
"36.014414440873793,139.43930455286284"
"36.014407775098789,139.43933094706563"
"36.014369721185744,139.43948344960154"
"36.014300279134602,139.43976204877958"
"36.014275558570205,139.43981649823286"
"36.014244441128085,139.43988455263002"
"36.014236667388332,139.4399017773452"
"36.01417333263322,139.43991455311425"
"36.013893891689804,139.43981289195142"
"36.013721945811199,139.43975345036154"
"36.013563891760278,139.43969844422793"
"36.013373613201736,139.4397112190976"
"36.013145000141719,139.43982566772047"
"36.012913892362292,139.4400181712017"
"36.012761387128364,139.44027233490044"
"36.012507504917494,139.44074233499089"
"36.012393612974904,139.44099649779025"
"36.012279441343196,139.44132649771973"
"36.012186667280901,139.44166666718297"
"36.012185413626014,139.44167121865189"
"36.012088892088741,139.44202510997093"
"36.013129440970999,139.44193622637579"
"36.013143613387115,139.44233150539469"
"36.013181667300159,139.4431064979666"
"36.013190837687034,139.44323011697634"
"36.013219721213204,139.44361455286935"
"36.013270558989177,139.44380511021768"
"36.013308612902222,139.44400844423433"
"36.013296107829149,139.4441990006834"
"36.013334134762545,139.44438927384601"
"36.013384693748662,139.44456705632467"
"36.013629134876737,139.44485430608142"
"36.013892468062977,139.44516403439275"
"36.014012468200917,139.44532819663903"
"36.014089414195155,139.4454331906893"
"36.014242198218938,139.44564208791212"
"36.014415252062292,139.44587875530033"
"36.0147580268615,139.44548486393535"
"36.014935532349,139.44570070032717"
"36.014923027275927,139.44592958498245"
"36.014918027045383,139.44607985719972"
"36.014910252406253,139.44631069967909"
"36.014872197593888,139.44639958507287"
"36.014884973362882,139.44650124533632"
"36.014935532349,139.44659014332058"
"36.0149738650519,139.44675513564107"
"36.01516413461718,139.44699652357076"
"36.015318026605712,139.4472265242847"
"36.015495801889813,139.44762041475042"
"36.015559134846228,139.44809041484086"
"36.015609972622201,139.44835736689902"
"36.015698865210538,139.44857319070024"
"36.015749414304082,139.44858596556992"
"36.015813026949672,139.44847153043679"
"36.015939972551735,139.44830652372718"
"36.016016081277201,139.44828097308846"
"36.016092198096544,139.4484462522928"
"36.016282748250262,139.44899236110859"
"36.016346081206734,139.44918291755766"
"36.016358865069606,139.44933542189221"
"36.01637163993928,139.44955152987927"
"36.016350252262384,139.44989513565201"
"36.016347747650514,139.44993596577228"
"36.016048667312191,139.45000000019991"
"36.016027224776678,139.45000457774916"
"36.015992197981632,139.45001208798749"
"36.015941360205659,139.45018985697641"
"36.015903306292614,139.450380415224"
"36.015926360413232,139.45073708185092"
"36.01592886502516,139.45077403409448"
"36.015916081162288,139.45085041531445"
"36.015865252379569,139.4509009734013"
"36.01571302683476,139.45097736721175"
"36.015499134777315,139.45100902694514"
"36.014938865236502,139.45109152985029"
"36.01473274781813,139.45107763892202"
"36.014656639991983,139.45101403437025"
"36.014656639991983,139.45089985734262"
"36.014745531681001,139.450506251962"
"36.01473274781813,139.45030291794535"
"36.014680197733014,139.45000457774916"
"36.014679387443834,139.45000000019991"
"36.014656639991983,139.44987097266733"
"36.014593027346393,139.44974403425988"
"36.014536081375127,139.44971736666321"
"36.014431919197769,139.44966875470936"
"36.014402747888539,139.44965513627562"
"36.014212197734764,139.44962958473764"
"36.013996360443741,139.44964236140595"
"36.013995251579672,139.4496431905809"
"36.013894972674905,139.4497187552164"
"36.013866892243357,139.45000000019991"
"36.013866440783659,139.45000457774916"
"36.01385691876186,139.45009985732258"
"36.013711359891374,139.45076875507402"
"36.013690531592829,139.45086486382252"
"36.013639693816856,139.45124569433335"
"36.013623864849535,139.45146736732522"
"36.01361413508431,139.45160152998665"
"36.01348719757619,139.45246513635698"
"36.01339274807691,139.45308319093658"
"36.013294667115247,139.45372430593204"
"36.013231053570337,139.45376263323897"
"36.012859108361226,139.45392069988043"
"36.012646612950903,139.45401070043351"
"36.012393559015607,139.45411819729702"
"36.012126748150934,139.45426380023423"
"36.01187050521969,139.45440347573992"
"36.011808559017823,139.4544373666912"
"36.011643278914221,139.45454763886255"
"36.011640224816574,139.45454958499545"
"36.011503838131659,139.45464069980846"
"36.011453279145542,139.45472958520224"
"36.011402441369626,139.45481846969665"
"36.011427721312316,139.45490736678164"
"36.011491333058643,139.45505958513183"
"36.011574666937406,139.45514319060578"
"36.011578278614707,139.4551465243926"
"36.011633279352395,139.45520180302083"
"36.011707171248986,139.45527569401816"
"36.011810774947378,139.4553168092234"
"36.012196891673284,139.45546930006822"
"36.012253000375722,139.45549153040986"
"36.012026053759428,139.45640791169581"
"36.011891613207418,139.45705236137746"
"36.011885505012117,139.45708124490363"
"36.011821332988177,139.45707347566042"
"36.011568000263026,139.45704319099059"
"36.011382721035773,139.45699791192419"
"36.011067999688464,139.45692124471975"
"36.011064945590817,139.45692041464554"
"36.0110479996655,139.45691625168377"
"36.010857441417841,139.45687819687134"
"36.010781332692375,139.45681457793049"
"36.010705224866285,139.45666208798502"
"36.010781332692375,139.45649708217468"
"36.01082855879099,139.45639374827294"
"36.01082855879099,139.45634291769159"
"36.0107649461454,139.45627929965008"
"36.010498558861457,139.45603791172027"
"36.010422441142794,139.45588542177484"
"36.010434946215867,139.4557456941086"
"36.010561891817929,139.45556791162983"
"36.010676333246238,139.45545374809205"
"36.010688838319311,139.45537736687209"
"36.010663559275883,139.4553137479312"
"36.010498558861457,139.45525041497478"
"36.0101558020487,139.45516180297489"
"36.009787748206065,139.45495846985762"
"36.009470251550916,139.4545901426211"
"36.009121359563153,139.45437374775031"
"36.009116081442073,139.45437041486286"
"36.008997468058737,139.45429680895063"
"36.008891919126825,139.45422403401199"
"36.008845532095677,139.45419180320926"
"36.008766639968485,139.45413736724572"
"36.0087094143081,139.45409763879502"
"36.008598586355731,139.45402124498457"
"36.008464413801732,139.4539284700229"
"36.008333333116866,139.45383824913597"
"36.008332747658244,139.45383783364912"
"36.008261360373524,139.45378871627634"
"36.008261360373524,139.45401732843698"
"36.008332747658244,139.45444591384796"
"36.008333333116866,139.45444944188833"
"36.008350252062542,139.45455097264937"
"36.00833746819967,139.45486847020379"
"36.008333333116866,139.45486819680991"
"36.008332747658244,139.45486817072958"
"36.006427468253094,139.45474150481664"
"36.005288585699702,139.45466566768653"
"36.004992197931642,139.45463871590403"
"36.005017747670991,139.45392732788389"
"36.005019135324915,139.45381038903827"
"36.005043026714361,139.45190761334572"
"36.005081080627406,139.45020204908531"
"36.005059837741385,139.45000455256809"
"36.005059360201358,139.45000000019991"
"36.005056919441358,139.44997732829108"
"36.004954170998246,139.44902038937948"
"36.004890559251976,139.44842066118463"
"36.004849999827684,139.4482906605856"
"36.004636667148532,139.44760786021459"
"36.004539441442148,139.44737868957498"
"36.004383053834943,139.44701092081743"
"36.004014721202452,139.44664258099033"
"36.003849720788025,139.44643924787306"
"36.003824440845335,139.44633758760961"
"36.003824440845335,139.4462106357123"
"36.003862504650897,139.44589286566327"
"36.003925837607369,139.44567703017083"
"36.004484170907801,139.44491508406395"
"36.004840000265858,139.44445396927529"
"36.005017774650639,139.44423786038897"
"36.005119171412673,139.44406007791031"
"36.005183053854921,139.44384119281688"
"36.005208054108436,139.4437553570242"
"36.005207504622717,139.44375063558346"
"36.005182775065066,139.44347564178747"
"36.005169440817099,139.44328063639227"
"36.005159170559352,139.44312758796787"
"36.005106667238977,139.4423578600273"
"36.00505500028811,139.44220175120995"
"36.004978891562644,139.44210036344111"
"36.004877504693127,139.44204980535426"
"36.004610837720008,139.44201147894671"
"36.004582504578991,139.44200758758018"
"36.00443305434203,139.44198619990323"
"36.00438917102349,139.44196119335447"
"36.00437722532871,139.44195425418559"
"36.004344170746947,139.44193535673139"
"36.004340279380415,139.4419273024032"
"36.004287775160719,139.44181313886531"
"36.004268053927603,139.44177007842643"
"36.004221279288686,139.44167119257156"
"36.004219135304886,139.44166666718297"
"36.004153892188413,139.44152868959736"
"36.003849171302249,139.44089369628716"
"36.003785838345834,139.44071591380839"
"36.003798080816807,139.44043980485321"
"36.003798359606662,139.44043620037041"
"36.00374641386594,139.4401967441845"
"36.00373502665019,139.44014396926877"
"36.00373502665019,139.4398139693393"
"36.003645865164572,139.43964897522005"
"36.003620306432026,139.43942036305941"
"36.003683919077673,139.43898841778127"
"36.00364446761813,139.43883396911247"
"36.003505026835569,139.438503695789"
"36.003489748253344,139.43819868981782"
"36.003479468103023,139.43799535670041"
"36.003518081394418,139.43783561642067"
"36.003581134661715,139.43757644619609"
"36.003586413682115,139.43756561566067"
"36.003992802026232,139.43671700368679"
"36.004038639571604,139.43662116743303"
"36.004119198142519,139.43644949404893"
"36.004241693899132,139.43618922215489"
"36.004343359558447,139.43578282661622"
"36.004292531675048,139.43561756180111"
"36.003987801795688,139.4354270035534"
"36.003822802280588,139.4353000516561"
"36.004038639571604,139.43486810637808"
"36.003771972598486,139.43472866379682"
"36.003657801866098,139.43461422776443"
"36.003632531815924,139.43453810644849"
"36.003847801634777,139.4339664460947"
"36.004037640424826,139.43333783437367"
"36.004039000199725,139.43333333326677"
"36.004178919421634,139.43287005201137"
"36.004343640146942,139.43210810590438"
"36.004470585749004,139.43179061014862"
"36.004743081228241,139.43120338522806"
"36.004800585678538,139.43107922212846"
"36.005016413976364,139.43071089489194"
"36.005093359970658,139.43042783417729"
"36.005106134840275,139.43026282656831"
"36.005042532087259,139.43017394297317"
"36.004968640190668,139.43012783383256"
"36.004737802207842,139.42998338472546"
"36.004810864929546,139.42981866400021"
"36.005107838156277,139.42914783360573"
"36.005277279422955,139.42876533125514"
"36.005283667307424,139.4287511669329"
"36.00568838740918,139.42749671879858"
"36.005689505266503,139.42749367099623"
"36.00602199991539,139.42641172542085"
"36.007341999633638,139.42713561581604"
"36.007659224693498,139.42600505828682"
"36.007646440830626,139.4259417253304"
"36.00762117078046,139.425903385433"
"36.00748144131552,139.42582727580816"
"36.007202279161902,139.42562394269089"
"36.006937559221058,139.42544367088874"
"36.006899505307956,139.42541839184537"
"36.006886721445085,139.42538033703295"
"36.007007504892499,139.42500450135674"
"36.007008945606401,139.42500000024984"
"36.007115332706519,139.42466894901284"
"36.007229224649059,139.42436422812671"
"36.007115053916664,139.42395756189205"
"36.0068736668863,139.42367810566009"
"36.007253107944621,139.42288894876606"
"36.007583107874154,139.42188533144292"
"36.00762117078046,139.42169477319533"
"36.007583107874154,139.42154255484513"
"36.007544775171318,139.42154255484513"
"36.007508946180963,139.42156228327281"
"36.007300612833092,139.4216767193052"
"36.007264505052945,139.42169644593434"
"36.007151441385986,139.4217583921361"
"36.006790892385823,139.42205282657676"
"36.00666922490484,139.42215228260181"
"36.006377278888358,139.42244450111286"
"36.005996441182845,139.42299060992877"
"36.005768107812003,139.42344783425017"
"36.005763387270576,139.42345338486587"
"36.005658666614238,139.4235728274241"
"36.00553310776678,139.4237164455576"
"36.005501721427379,139.42375255513639"
"36.005307838386102,139.42386922238677"
"36.005117279239073,139.42395807990158"
"36.004926999781276,139.4240089113822"
"36.004495333293058,139.42405975365477"
"36.004165333363517,139.42404697788584"
"36.003962279035989,139.42397085567052"
"36.003733666875291,139.42376780763823"
"36.003492558634719,139.42338669294156"
"36.003352838162982,139.42323418860701"
"36.003263945574702,139.42314530501187"
"36.003184774657655,139.42309669305803"
"36.003081440755921,139.42304335876406"
"36.002783387443401,139.42288891099452"
"36.00262894596915,139.42283808041316"
"36.002537000182485,139.42281863796984"
"36.002323108124983,139.42277280222311"
"36.001970054074775,139.42279169877793"
"36.001535053799728,139.42291169891587"
"36.001245332705992,139.42308836623522"
"36.001243107783239,139.42309031056948"
"36.000942837641901,139.42334697798071"
"36.000722278910075,139.42351697772642"
"36.000691171360529,139.42354586305123"
"36.000657559199055,139.4235766927103"
"36.000621170830414,139.42361058366157"
"36.00047005414973,139.42375031132792"
"36.000268386576806,139.42388280214971"
"36.000111999868977,139.42392141364235"
"36.000084225206876,139.42391919591421"
"36.000000000099988,139.4239119968413"
"35.999999504573509,139.42391197076086"
"35.999960613391636,139.42390863787341"
"35.999951171409464,139.42390364483742"
"35.999871999593154,139.42386085599378"
"35.999796720941958,139.4238203109586"
"35.999613946326633,139.42369447511999"
"35.999456720551279,139.42362503216953"
"35.999292837994119,139.42361252889521"
"35.999135053739792,139.42366308698195"
"35.998901999827467,139.42378919621444"
"35.998782837857732,139.42384530491699"
"35.998687559183566,139.42389002640368"
"35.998626441257329,139.42391891082912"
"35.998514224751716,139.42397169923458"
"35.998350333201358,139.42404891142814"
"35.998113946401531,139.42421197110559"
"35.997943666966705,139.42443224385306"
"35.997811721134099,139.4248108557365"
"35.997756919146525,139.42500000024984"
"35.997755613330924,139.42500447527641"
"35.997724225192883,139.42511280221413"
"35.997673107727792,139.42529031129891"
"35.997672278552841,139.4253055772906"
"35.997654224662767,139.42561224430972"
"35.997654224662767,139.42610418875734"
"35.997657559348909,139.42614586334093"
"35.997691999786014,139.42657085596034"
"35.99772255874916,139.42673031115498"
"35.997778666552279,139.42702474739428"
"35.99778005420621,139.42703141406855"
"35.997884225376765,139.42813586337945"
"35.997918387024015,139.42849919578137"
"35.997937279082237,139.4288808563665"
"35.997975332995281,139.4296480796952"
"35.998002559070869,139.43019418941037"
"35.997879225146164,139.42991391659405"
"35.997738386817161,139.42961169942043"
"35.997483107959113,139.42902863836105"
"35.997415612940245,139.42894002636115"
"35.997283107729288,139.42876557677005"
"35.997254225102438,139.4287278079421"
"35.9971286671543,139.4284764195512"
"35.997126441332227,139.42847002627082"
"35.997034505438137,139.42820280171804"
"35.99696727931655,139.42797364456806"
"35.996899775304428,139.42765031131285"
"35.996810054440516,139.42743503160148"
"35.996698107731561,139.42721031080725"
"35.996590332977519,139.42703975438121"
"35.996455892425558,139.42688252860592"
"35.996253946062843,139.42671224377511"
"35.996211170708989,139.42666946842132"
"35.996070053590131,139.42652807970717"
"35.996034224599839,139.42648503185876"
"35.995941170848425,139.42637389094239"
"35.9958808919896,139.42627055793992"
"35.99585144099126,139.42622027234779"
"35.995761999816466,139.42595999955438"
"35.995642837846731,139.42559306087117"
"35.995566170642292,139.42543972826093"
"35.995548945927169,139.42540944179234"
"35.995497838354595,139.42532027221287"
"35.995446747869153,139.42513277615674"
"35.995401225086539,139.42500444919608"
"35.995399639581763,139.42500000024984"
"35.995352864942788,139.42486834040164"
"35.995281467765551,139.42468138843537"
"35.995276197738406,139.42466778169285"
"35.995202865220108,139.4245280540265"
"35.995122305749874,139.4244386119525"
"35.995007027052736,139.42430639362522"
"35.994904802015071,139.42423389118119"
"35.994789802107732,139.42418693937577"
"35.994666198386426,139.42413138825304"
"35.994536748172436,139.42406333295651"
"35.994504252069653,139.4240461091407"
"35.994398413555984,139.42394416289289"
"35.994384802316802,139.42393083044351"
"35.994252864578073,139.42379444915457"
"35.994231198111379,139.4237672239783"
"35.994158972658511,139.42367527909096"
"35.99407369444549,139.42350888472731"
"35.99397591925333,139.42324444897224"
"35.993873413627171,139.42292027215285"
"35.99381925195695,139.42264055781561"
"35.99381397293655,139.42261306104399"
"35.993777865156403,139.42239082957315"
"35.993758134930033,139.42226749744714"
"35.993758134930033,139.42221472073288"
"35.993758134930033,139.42194360571295"
"35.993755080832386,139.42180389063708"
"35.99375397286758,139.42175610875745"
"35.993755919000535,139.42161693867081"
"35.993771747967855,139.42149722361808"
"35.993790080647727,139.42135666677677"
"35.993837027057225,139.42117333278316"
"35.99386786481017,139.42111167256564"
"35.993922306169566,139.42100277635711"
"35.994062864809393,139.42069999980527"
"35.994199252393628,139.42037138842886"
"35.994228973188626,139.42020500575643"
"35.994224802132976,139.42006888527089"
"35.994178972681482,139.41992693897714"
"35.994173693661082,139.41991111540574"
"35.994088413649422,139.41959111503797"
"35.993947864902111,139.41917722364997"
"35.993875359760125,139.41899834040112"
"35.993605639588623,139.4183408037851"
"35.993573972660784,139.41826330740582"
"35.993541467564739,139.41818413738807"
"35.993221747785469,139.41751858601401"
"35.992987585908395,139.41719442268447"
"35.992774532019098,139.41695581096201"
"35.992578414162551,139.41669136171708"
"35.992565386583351,139.41667108919944"
"35.992562559114845,139.41666666723302"
"35.992425080652993,139.41645247660063"
"35.992327026670978,139.41630747081319"
"35.992177865116446,139.41601330706851"
"35.991987612638241,139.41559635528768"
"35.991882053813811,139.41540080400398"
"35.991787332719298,139.41522552523782"
"35.991713171026049,139.4150744229463"
"35.991666667083052,139.41497985743456"
"35.991666224616608,139.41497894911925"
"35.991663720904057,139.41497386525182"
"35.991505666853072,139.41469413742459"
"35.991407891660913,139.41452163396627"
"35.991224838255732,139.41422747112097"
"35.991109558659275,139.41401830140353"
"35.991037333206407,139.41380108904912"
"35.99100733272229,139.41354941557313"
"35.990956225149716,139.413071633649"
"35.990937333091495,139.41271885928802"
"35.990916225103774,139.412463021951"
"35.990877892400874,139.41227968885664"
"35.990843720861108,139.41213053179865"
"35.990830945991434,139.41207496808534"
"35.990817332953611,139.41204775639892"
"35.99074150481664,139.41189608303785"
"35.990651774959474,139.41171968911237"
"35.99061789210208,139.41165274987452"
"35.990507054257193,139.41152494182268"
"35.990362053865738,139.4113413362337"
"35.990195946385889,139.41113661456313"
"35.99002955921685,139.41095744532993"
"35.98990177544664,139.41076133556726"
"35.989727054260186,139.41053522711911"
"35.989403721004976,139.41002105143048"
"35.989381225363331,139.40998688708521"
"35.989220666700476,139.40974383900698"
"35.989075945998138,139.4094749417153"
"35.988956505238605,139.40925328131391"
"35.988756225319605,139.40876688658261"
"35.988628440650075,139.40842160807085"
"35.9886018647843,139.40833771661244"
"35.988600468137122,139.4083333333167"
"35.988487891902764,139.40797800308246"
"35.988398440835454,139.40774355432166"
"35.988274838013417,139.40729994843389"
"35.988186504803423,139.40706160830666"
"35.988127054220229,139.40697216623255"
"35.987969278959099,139.40677577228416"
"35.987913171155981,139.40673522724899"
"35.987764837877023,139.40662688682141"
"35.987407054292191,139.40642632901199"
"35.98712569419547,139.40626438359448"
"35.987120414275751,139.40626160828663"
"35.986865693896732,139.40613189367207"
"35.986599026923614,139.40606077798259"
"35.986512918636322,139.40603771666736"
"35.986243747950653,139.4059657457226"
"35.986069026764198,139.40583686118225"
"35.985924585751093,139.40573046688758"
"35.985788198166858,139.40553852098606"
"35.985669027203869,139.4053849158812"
"35.985553747607412,139.40516741934096"
"35.985460135377025,139.4048818549137"
"35.985372359746634,139.40442686091092"
"35.985366251551341,139.40439574616687"
"35.985327918848441,139.40402464272313"
"35.985276802282669,139.403324916212"
"35.985250134685998,139.40306963735395"
"35.985167918664558,139.40228102544904"
"35.985144585754085,139.40205491610152"
"35.98508069431864,139.40107379981612"
"35.985087360093644,139.4006026980561"
"35.985093468288994,139.40018686143458"
"35.985099053978217,139.40000435841444"
"35.985099197869715,139.40000000029988"
"35.985106252151866,139.3997688070848"
"35.985106252151866,139.39945019527033"
"35.985084305995997,139.39926907900488"
"35.985076251667749,139.39920269824597"
"35.985037918964856,139.3987807516304"
"35.984944305835086,139.39841824930284"
"35.984867359840848,139.39817075227847"
"35.984807919150228,139.39798297023799"
"35.984773747610404,139.39779547328249"
"35.984773747610404,139.39752936388913"
"35.984773747610404,139.39747130995306"
"35.984766532349624,139.39724408634561"
"35.984765134803183,139.39720241176204"
"35.984754027276608,139.39699907864463"
"35.984751802353856,139.39696046715187"
"35.984687640222489,139.39676433220825"
"35.984615413870301,139.39654267180697"
"35.984461252085168,139.39620267231555"
"35.98444902670127,139.39617571963379"
"35.984438197964494,139.39614961141547"
"35.984407360211549,139.39607433186495"
"35.984368198333755,139.3959796107705"
"35.984219026886649,139.39573211374613"
"35.984116801848984,139.3955871079587"
"35.984061251625519,139.39543795090083"
"35.98406986533206,139.39538238718751"
"35.984150693699632,139.39528016934446"
"35.984227360004695,139.39511795143233"
"35.984257359589549,139.39500710819152"
"35.984270135358486,139.39490461695459"
"35.984231801756323,139.39477683498296"
"35.984176252432178,139.39469988269354"
"35.98410819803496,139.39466600523201"
"35.984039864847944,139.39465766491935"
"35.983811532376365,139.39459905340368"
"35.983632360445142,139.39450099942167"
"35.983479053915232,139.39441128395367"
"35.983333333166854,139.39422710819451"
"35.983332945559027,139.39422661536605"
"35.983300170666382,139.39418516201567"
"35.983176558851142,139.39395905266827"
"35.983176558851142,139.39387822340132"
"35.983223505260646,139.39385267186333"
"35.983332945559027,139.3938202459077"
"35.983333333166854,139.39382014338503"
"35.983411000417391,139.39379710815012"
"35.984215999768651,139.39349849455994"
"35.984291837798139,139.39347072619307"
"35.984408747865473,139.39342795083928"
"35.984439865307593,139.39341655013379"
"35.984584586009873,139.39339544664256"
"35.984669865122214,139.39331016932897"
"35.984712639576685,139.3931948897324"
"35.984704053749113,139.39304572008393"
"35.984682666971537,139.39252099894497"
"35.984644333369317,139.39228211382851"
"35.98459322489748,139.39209461687312"
"35.984407666880372,139.39186710818058"
"35.984247252109071,139.39167099931728"
"35.98424405411987,139.39166710795075"
"35.984243694391012,139.39166666728295"
"35.984171558870401,139.39157849505159"
"35.984162667273324,139.39156822299515"
"35.984115441174708,139.39151433202085"
"35.984052108218293,139.39144211376265"
"35.983945721118175,139.39130128442685"
"35.983839054328939,139.39110072571793"
"35.983775170987428,139.39089182939449"
"35.983698504682309,139.39061461697111"
"35.983655440646146,139.38997128424739"
"35.983625441061292,139.38980933882999"
"35.983629891806117,139.38951905296199"
"35.983770440553428,139.3890457199841"
"35.983943864917478,139.38858282723572"
"35.98402627878977,139.38836321728866"
"35.984102945994209,139.38793238716994"
"35.984151558847429,139.38781294371248"
"35.984181838121401,139.38773878111988"
"35.984225440851446,139.38763128425637"
"35.984337386661139,139.38735655036453"
"35.984707107846816,139.38670461742424"
"35.984782667086449,139.38598461659683"
"35.984785170799057,139.38561433243558"
"35.984786278763806,139.38542291803333"
"35.984776837680954,139.38519457836719"
"35.984665170661174,139.38501291801185"
"35.98451155926108,139.3848501434195"
"35.984311279342137,139.38474291815123"
"35.983976000392147,139.38472875472829"
"35.983566558849645,139.38472430578213"
"35.983430171265468,139.38470929969446"
"35.983426838377966,139.38470902719996"
"35.983376837870821,139.38470347568489"
"35.983333333166854,139.38471335923418"
"35.983332945559027,139.38471345006576"
"35.983268504637806,139.38472791206357"
"35.98319072137474,139.38474542186384"
"35.983032386735317,139.38480596602255"
"35.982976838310499,139.38480457836863"
"35.982864612811682,139.3848015296669"
"35.982706279071586,139.38472236144787"
"35.982617945861591,139.38457763894689"
"35.982589892409635,139.38440542237242"
"35.982529612651547,139.38384153036236"
"35.982492108224278,139.38356180343453"
"35.982472386991105,139.3833865237691"
"35.982466892133402,139.38333763932064"
"35.982466413694112,139.38333333336675"
"35.982464332662857,139.38331486398988"
"35.982412386922199,139.38306457816782"
"35.982392386899164,139.38296791183973"
"35.982266559154425,139.38272124488958"
"35.982200171200986,139.38263124523587"
"35.982080721448199,139.38246958490345"
"35.982001558625086,139.38229263339838"
"35.98193155899429,139.3820968087208"
"35.981922386808776,139.38195708195383"
"35.981926837553544,139.38165403380663"
"35.981903775338992,139.38135569361043"
"35.981885171063823,139.38107153032695"
"35.98188044062988,139.38073596629192"
"35.981864332872703,139.38055652366472"
"35.981836279420804,139.38024736732223"
"35.981833774808933,139.3802187553913"
"35.981824613415256,139.37999069991099"
"35.981749054175566,139.37968847014679"
"35.981651278983406,139.37944152980288"
"35.981605441438035,139.37936236068447"
"35.981672108181272,139.37936124462578"
"35.981951837807117,139.37935708166401"
"35.982107387246174,139.37936486439708"
"35.982208224629915,139.37927930019964"
"35.982317108248026,139.3791315298962"
"35.982410440789238,139.37896819682487"
"35.982412386922199,139.37896070007628"
"35.982449332870488,139.37882041483033"
"35.982464892041207,139.37850929976446"
"35.982418225320885,139.3782370821757"
"35.982348224790769,139.37804263256146"
"35.982068505057498,139.37753705619025"
"35.981912945725924,139.37728038877901"
"35.981866558694776,139.3771562256793"
"35.981920721264316,139.37703177659523"
"35.982208224629915,139.3768062257268"
"35.982690171314403,139.37626955889311"
"35.983039891577789,139.37588066056415"
"35.983265170850984,139.37565510969557"
"35.983332945559027,139.3756105321005"
"35.983333333166854,139.37561031086727"
"35.983513505144174,139.37549177662424"
"35.983762108334702,139.37539844408298"
"35.984119613129678,139.3753362523662"
"35.984155999699681,139.37532708197932"
"35.984274891872815,139.3752973665803"
"35.984570170776806,139.37519625220534"
"35.984749054025663,139.37509542201622"
"35.984834333137997,139.37504875529589"
"35.984878774935567,139.37500430630374"
"35.984883080889517,139.37500000034981"
"35.984943224849985,139.37493985728861"
"35.985013225380101,139.37483097277129"
"35.985098775188362,139.3747609731405"
"35.98523017063593,139.3745634757239"
"35.985254053931499,139.37452763863962"
"35.985370440593385,139.37432596567089"
"35.985440441123501,139.37422486388641"
"35.985549054045634,139.3741859664093"
"35.985595720765957,139.3741859664093"
"35.985719891959491,139.37431819732706"
"35.985937386701096,139.37466041544587"
"35.986015170863482,139.37482374761794"
"35.98612074767442,139.37500000034981"
"35.986123306245645,139.37500430630374"
"35.986178225145011,139.37509596610596"
"35.986279333224672,139.37550791226045"
"35.986318225305922,139.37580347624953"
"35.986302667034522,139.37611457782555"
"35.986302667034522,139.37676791190972"
"35.986257666757979,139.37732180255921"
"35.986248224775807,139.37743652367669"
"35.986232667403726,139.37773985690899"
"35.986271558585599,139.37788763890353"
"35.986380170608413,139.37795763943359"
"35.986520170769325,139.37798875507701"
"35.986652107608734,139.37797319140975"
"35.986776559390762,139.37791097271327"
"35.986962666893589,139.37774763874256"
"35.987172666685296,139.37753763895091"
"35.987296613048329,139.37735128413453"
"35.98729683787883,139.37735097296911"
"35.987452387317887,139.37719569422597"
"35.987607666960287,139.37710236078533"
"35.987778774670744,139.37706347589881"
"35.987941837945527,139.37697014335754"
"35.988206000306718,139.37676014266651"
"35.988509053849782,139.37649569432085"
"35.988663224628169,139.37636763895546"
"35.988709612558637,139.37630542205761"
"35.98873294636843,139.37624319077065"
"35.98873294636843,139.37606430572316"
"35.988756279278903,139.37593985663909"
"35.988787386828506,139.37588542157505"
"35.988935170621687,139.37582319118735"
"35.989043774550623,139.37580763921119"
"35.989160440901685,139.37578430630072"
"35.989253775241593,139.37572208760434"
"35.989300171265945,139.37565985721665"
"35.989300171265945,139.37550430597901"
"35.989284612994538,139.37530985726414"
"35.989292386734292,139.37520097274671"
"35.989335054169487,139.37505464315734"
"35.989346837986261,139.37501430586553"
"35.989351613386305,139.37500430630374"
"35.989353667437854,139.37500000034981"
"35.989510171057589,139.37467208774672"
"35.989704332888721,139.37436097268085"
"35.989766558779706,139.37431430596052"
"35.989828504981574,139.37432208779421"
"35.98995266718191,139.37434542160395"
"35.990045999723179,139.37435319084716"
"35.990116000253238,139.37431430596052"
"35.990162387284386,139.37424430632973"
"35.990317945716697,139.3740809732584"
"35.990473225359096,139.37387097256737"
"35.990690999789877,139.37354457801996"
"35.990807387351083,139.37335014279495"
"35.990908505323318,139.37321014263409"
"35.991172666785189,139.37289930006273"
"35.991522387048576,139.37244819742648"
"35.991666278575963,139.37222917024008"
"35.991666667083052,139.37222858568077"
"35.991716558772225,139.37215263343739"
"35.991817666851887,139.37206708183044"
"35.99196517095595,139.37198153022348"
"35.992128504926598,139.37190374785973"
"35.992237107956214,139.37188041494926"
"35.992330441396803,139.37188819678295"
"35.992362666803672,139.37179875470883"
"35.992460171299911,139.37166041469641"
"35.992474054134341,139.37155180267359"
"35.992512946215527,139.37135652388451"
"35.99254655927632,139.37112236110818"
"35.992582667056467,139.37094124484261"
"35.992599333292674,139.37078236071739"
"35.992616000428143,139.37067625240718"
"35.992635720761939,139.37061791158737"
"35.992666278825766,139.37057041479284"
"35.992815170583697,139.37045985663713"
"35.992976838110621,139.37037625206244"
"35.99311044139381,139.37033152967638"
"35.993369613416974,139.37022291765356"
"35.993606279006599,139.37011124523781"
"35.9937787752703,139.36999430639219"
"35.993762108134831,139.3698881971826"
"35.993726000354684,139.36973208836525"
"35.993645171087849,139.36948680906903"
"35.993586838361978,139.36930569370281"
"35.993569892436653,139.3691079121005"
"35.99356155931855,139.36882625163025"
"35.993630171295422,139.36870596640733"
"35.993933775223582,139.36863070034656"
"35.993992946117601,139.36862069988547"
"35.994231838428682,139.36858069983953"
"35.994404612582855,139.36859180286945"
"35.994501838289239,139.36861958472616"
"35.994630170645905,139.36868930017113"
"35.994707945815094,139.36876708163561"
"35.994774612558388,139.3688568087947"
"35.994913774551094,139.36910208809093"
"35.995125170989922,139.36938347606667"
"35.995303504752997,139.36974041518806"
"35.99538155871204,139.36989652400541"
"35.995448505144452,139.36995791172831"
"35.995531838123895,139.36997180265666"
"35.995654612670307,139.36989652400541"
"35.995701837869547,139.36985211368415"
"35.995645999863029,139.36969875499358"
"35.995576558711264,139.36960097260692"
"35.995490170734854,139.36946457782801"
"35.995423225201762,139.36933070025168"
"35.995409333374084,139.36924430598003"
"35.995425999610234,139.36917736674218"
"35.995459612671027,139.36911041491373"
"35.995506837870323,139.36903791157044"
"35.995620999609514,139.36893763896092"
"35.995751000208543,139.36892319135222"
"35.995904332818782,139.36897902666078"
"35.996060170940211,139.36905985682699"
"35.996152107733629,139.36906819713965"
"35.996196559423709,139.36906542183181"
"35.996241279111821,139.36904878077667"
"35.996296838328476,139.36899571987658"
"35.99638044110452,139.36887571973875"
"35.996533774614079,139.36871406030571"
"35.996717667086727,139.36845418861003"
"35.996741559375494,139.36842044065088"
"35.996897667293581,139.36819461728783"
"35.997025720860393,139.36801321683652"
"35.997084053586264,139.36796600512707"
"35.997290171004636,139.36779849470486"
"35.997324892030178,139.36749878124385"
"35.997349612594576,139.36728403393113"
"35.997352387003104,139.36716985690339"
"35.997394333182001,139.36684902736079"
"35.997438080702921,139.36667097328689"
"35.997439134708372,139.36666666733288"
"35.997475171442034,139.36652014259062"
"35.997530720766179,139.36620236085037"
"35.997617107843325,139.36595430624629"
"35.997695170795566,139.36582596579569"
"35.997747945711183,139.36577569369342"
"35.997920720764682,139.36570596565787"
"35.99811155870151,139.36568263274739"
"35.998214612914126,139.36553763865118"
"35.998326000244788,139.36534819736153"
"35.998409333224174,139.36518625194401"
"35.998477946100365,139.36508263295718"
"35.998594332762309,139.36490736678161"
"35.998618225051075,139.36487124461235"
"35.998740999597487,139.36475708197386"
"35.998835720692,139.36459819694926"
"35.998892666663266,139.36441736666825"
"35.998967946213781,139.36425569374535"
"35.999020721129455,139.36414430641469"
"35.999045440794532,139.36409819727407"
"35.999176838040682,139.36385430563178"
"35.999201838294255,139.36373708170106"
"35.999221278938933,139.36362291816317"
"35.999221278938933,139.36338070015927"
"35.999207387111255,139.36330542240739"
"35.999190720875106,139.36318819667804"
"35.999162946213069,139.36305708181897"
"35.99915183778711,139.36294846979615"
"35.99913683799474,139.36284014285832"
"35.999134891861843,139.36282569435036"
"35.99913210756074,139.36273374766438"
"35.999146279077593,139.36254985699043"
"35.999190720875106,139.36240763910132"
"35.999275721197648,139.36224763891744"
"35.999323225186743,139.3620998569229"
"35.999392107859535,139.36201291766213"
"35.999420441000609,139.36197708237648"
"35.999596000355211,139.3618431913103"
"35.999685170834027,139.361795966111"
"35.999799332573218,139.3617876392882"
"35.999935721056715,139.36172347625745"
"35.999999613391481,139.36170778218843"
"36.000000000099988,139.36170769135697"
"36.000038775269331,139.36169819721408"
"36.00026044106653,139.36170014334698"
"36.00037322504437,139.36170097342131"
"36.00041100016756,139.36168708159357"
"36.000419333285663,139.36164513631411"
"36.000399891741665,139.36139985701789"
"36.000360999660472,139.36120263299517"
"36.000316558762222,139.36102708173451"
"36.000327667188117,139.36075097277921"
"36.000347107832795,139.36061430640518"
"36.000355747619722,139.36056224375261"
"36.000360999660472,139.36053070003186"
"36.000397387129738,139.36046652441064"
"36.000469612582606,139.360363475594"
"36.000609054264487,139.36017680871285"
"36.000812387381814,139.35988680882917"
"36.000965441202197,139.3596665243906"
"36.001240720982537,139.35924374770082"
"36.001391279184247,139.35893985688892"
"36.001661000255012,139.3584295851573"
"36.001706279321411,139.35833763937057"
"36.001708414311906,139.35833333341668"
"36.00176127915978,139.35822596605556"
"36.001900441152486,139.35800291800035"
"36.002067667388985,139.35783291825464"
"36.002452107778602,139.35757374803006"
"36.00261266734077,139.35741542238395"
"36.002740720907582,139.35724819704672"
"36.002777108376904,139.35704457794498"
"36.002793774613053,139.35694708244193"
"36.002813225150248,139.35664875483621"
"36.002821559167671,139.35642291798331"
"36.00285489163997,139.35621680865881"
"36.002874333183968,139.35608291759263"
"36.002932945599021,139.35591291784692"
"36.003080440709823,139.35566457815787"
"36.003185441055344,139.35549819728408"
"36.003282108282747,139.35535625188959"
"36.003411000017707,139.35510069963766"
"36.003483505159693,139.35487708231153"
"36.003553504790489,139.35454875512107"
"36.00355794564274,139.3542176391328"
"36.003559053607489,139.35412291803834"
"36.003549640403605,139.35389263313857"
"36.00357797264536,139.35366846992406"
"36.003644640287973,139.35347070001285"
"36.003761305739715,139.35322791183876"
"36.003777134707036,139.35315208819839"
"36.003758251642068,139.35304985686548"
"36.003698251573098,139.35280513604823"
"36.003676306316549,139.35262513584144"
"36.00370769355527,139.35247680885766"
"36.003701305670745,139.35237291827559"
"36.003597414189358,139.35216152993078"
"36.003483801935943,139.35194985740009"
"36.003386306432958,139.3518270819543"
"36.003185198238384,139.35166236122905"
"36.003035748001423,139.35157430590959"
"36.003001586354173,139.35146430623286"
"36.00301602676825,139.35141208799757"
"36.003134918941385,139.3512623607694"
"36.003185198238384,139.35120430593406"
"36.003466305625587,139.35083929989389"
"36.003544918962916,139.35065985726669"
"36.003657134569153,139.35048569365995"
"36.003808531838331,139.35025542225003"
"36.003870198351024,139.350098197374"
"36.003896613238176,139.35000430635375"
"36.003897802141921,139.35000000039975"
"36.003923252056495,139.34990958525918"
"36.003990468285508,139.34969625168071"
"36.003998251917835,139.3496848635657"
"36.004080198142674,139.34956152964094"
"36.004181306222335,139.34920791171578"
"36.004186586142112,139.34887652413238"
"36.004147414371744,139.34860708185136"
"36.004107972804775,139.34836569392166"
"36.003979081069815,139.34800625198704"
"36.003911864840752,139.34785457772659"
"36.003906027341316,139.3477087553548"
"36.003945468009022,139.34761347578137"
"36.004068801933727,139.34747875464086"
"36.00424269394523,139.34740014310216"
"36.00437158568019,139.34734958501545"
"36.004567973333337,139.34734403439973"
"36.004764360087222,139.34736041465146"
"36.004955198024049,139.34730985656472"
"36.005182694126063,139.34723014335646"
"36.005384639589522,139.34708985721124"
"36.005603531877568,139.34693263323447"
"36.005766305570603,139.346792360579"
"36.005956864717575,139.34650596607753"
"36.005992135228894,139.34633875512952"
"36.005996026595426,139.34632070034013"
"36.006085748358657,139.34615791225792"
"36.006203531667722,139.34611875487667"
"36.006354919044327,139.3460848639254"
"36.00671963999946,139.34606236108914"
"36.006820468389947,139.3460062523867"
"36.006921586362182,139.3459051362131"
"36.007071306395744,139.34572929986734"
"36.007250748123568,139.34540374798462"
"36.007402414290027,139.34522403376218"
"36.007508802289465,139.34514542222348"
"36.007682694300968,139.34510041475244"
"36.00788463976437,139.34502763891442"
"36.008153802356162,139.34489847018835"
"36.008260198449477,139.34476374814847"
"36.008332973388065,139.3446587810779"
"36.008333333116866,139.34465824867925"
"36.00839269376786,139.34457263322054"
"36.008518251715998,139.3443648637475"
"36.008703531842571,139.34405041489481"
"36.008781864591413,139.34398319057186"
"36.0088996398066,139.34392153035435"
"36.009056864682641,139.34382041508016"
"36.009074918572708,139.34351236130647"
"36.009098252382501,139.34311097319289"
"36.009008532417909,139.34272347600768"
"36.009060197570136,139.34255875528243"
"36.009103802098821,139.34242014277538"
"36.00935186479677,139.34225180317821"
"36.00968297269111,139.34197680938234"
"36.009957414303301,139.34176902731883"
"36.010047467916365,139.34167097333682"
"36.010051414141515,139.34166666738281"
"36.010148252240128,139.34156124525532"
"36.010344639893276,139.3413534757824"
"36.010501585979455,139.34111208785259"
"36.010628531581517,139.34100819727053"
"36.010948252260107,139.34079486369205"
"36.011307134816491,139.34052513632605"
"36.01158769361723,139.34030069971755"
"36.011935467747662,139.3399020878112"
"36.012075747597748,139.33969430574768"
"36.012271864554975,139.33943596559743"
"36.012426865407583,139.33926041523603"
"36.012606585925255,139.33900791168583"
"36.012712973025316,139.33891791203212"
"36.013010467858862,139.3387381969103"
"36.013341305956544,139.33850236139494"
"36.01358825169649,139.338272360681"
"36.013823802126808,139.33807014272293"
"36.014064919360578,139.33782291819318"
"36.014296305929804,139.33774208802697"
"36.014296305929804,139.33753985657916"
"36.014327134689552,139.33728347605165"
"36.014346586126123,139.3371245784366"
"36.014341027416549,139.33678791183274"
"36.014402693929242,139.33667542193325"
"36.014542972879951,139.33675403437121"
"36.014804081143495,139.33695763908383"
"36.014983801661174,139.33708680870927"
"36.015064081442233,139.33712708214921"
"36.015185748023896,139.33718791229239"
"36.015387694386618,139.33731153040287"
"36.015563802327677,139.33739014284083"
"36.01565130636277,139.33742930022208"
"36.015853251826172,139.33750236114508"
"36.015934639572038,139.33751513601476"
"36.01610546759332,139.33754153021755"
"36.016212135281883,139.33752486398134"
"36.016257134659099,139.33747985740956"
"36.016341305806691,139.33741819719216"
"36.016457413678722,139.33727652429218"
"36.016666306404943,139.33707172528"
"36.016666667033128,139.3370713619538"
"36.016726586163088,139.33701263262697"
"36.016978801930236,139.33679929994776"
"36.017074080604402,139.33675985658215"
"36.017208801744857,139.33677124469727"
"36.017461027404522,139.33681596618396"
"36.017584640119082,139.3367937484328"
"36.017730386947846,139.33676985704338"
"36.017892972682603,139.33674319124532"
"36.01801853242938,139.33671875486675"
"36.018122973396544,139.33669819726401"
"36.018295467861606,139.33668124504345"
"36.018525467676227,139.33665319069223"
"36.018660197809936,139.33667569442787"
"36.018907134556684,139.33667571960882"
"36.018996865313113,139.33650182939596"
"36.019181864851248,139.33626016897165"
"36.019316306302528,139.33615933878252"
"36.019450747753865,139.33628267180791"
"36.019624612785719,139.33651294411709"
"36.019629613016264,139.33651878071726"
"36.019821000438867,139.33673766491142"
"36.019972386916152,139.33682739296989"
"36.020140721117457,139.33682182886434"
"36.020432387444771,139.33679933861868"
"36.020740441218436,139.33678849459341"
"36.021245171327621,139.33682739296989"
"36.021858224777304,139.33697377382066"
"36.021951559117213,139.33699600506168"
"36.02210877499999,139.33704654965857"
"36.022349892233819,139.33718128428893"
"36.022424613305304,139.3371873933836"
"36.022484613374274,139.33719238731888"
"36.02261933271609,139.3371587805533"
"36.022926559113444,139.33696878078467"
"36.023117108367899,139.3369351623279"
"36.023226000079887,139.33701683515892"
"36.023229332967389,139.33701933887141"
"36.023330441047051,139.33710350192518"
"36.023464892390905,139.33722710834445"
"36.02367099991676,139.33738044095469"
"36.02370627942134,139.33740683515737"
"36.023891278959411,139.33754710781284"
"36.024051000353438,139.33765350210751"
"36.024093225322133,139.33768182895335"
"36.024334053873531,139.33778878082762"
"36.024405171361593,139.3378204405609"
"36.024536000236253,139.33787849539638"
"36.024598774713752,139.33786988258908"
"36.024690721399736,139.33785739280449"
"36.024769332938433,139.33773933879959"
"36.02472433266189,139.33762155638976"
"36.024797387289652,139.3375429439518"
"36.024937667139682,139.33767211357724"
"36.024999613341549,139.33771345001583"
"36.025000000049999,139.33771372161107"
"36.025072107691642,139.33776182904523"
"36.025212386642409,139.33787961055566"
"36.02530210840564,139.33799739296535"
"36.025330170850737,139.33816603113746"
"36.025341558965806,139.33828936416288"
"36.025403224579179,139.33837936381667"
"36.0254537745721,139.33851408585645"
"36.025408775194876,139.33869936418432"
"36.025380720843664,139.33889574644161"
"36.02537517112728,139.33921603099512"
"36.025459333281674,139.33922158161079"
"36.025633225293177,139.33917102532257"
"36.025795721095676,139.33906435763402"
"36.025986559032503,139.33892379989356"
"36.026065170571201,139.33880046686807"
"36.026401559284579,139.33833435814415"
"36.026478775075475,139.33826992171953"
"36.026697107985171,139.33795547286684"
"36.027174054439122,139.33737713414746"
"36.027347945551298,139.33716379966972"
"36.027546837816374,139.33694269774742"
"36.027903224754084,139.33654603107459"
"36.028198504557395,139.33617603109906"
"36.028365999691175,139.335966588887"
"36.028465999806087,139.33584130972872"
"36.028617666871867,139.33569518788272"
"36.028886837557536,139.33533574594799"
"36.029083225210741,139.33511686085455"
"36.029210999987697,139.33489380020876"
"36.029340999687463,139.33466769086135"
"36.029318504945081,139.3344824116341"
"36.029279054384915,139.33411214006333"
"36.029239891607745,139.33398852105347"
"36.029027108414368,139.33396603080769"
"36.02884738699737,139.33391547272095"
"36.028718505154927,139.33380325621533"
"36.028449332670618,139.33341574643964"
"36.028412386722323,139.3333376906819"
"36.028410332670774,139.33333333256735"
"36.028353775206597,139.33321377399659"
"36.028314613328803,139.33307461739969"
"36.028281000268009,139.33295544733608"
"36.028550170953679,139.33266350221891"
"36.028623224682121,139.33264654999834"
"36.028825171044844,139.33266907891493"
"36.028982108137825,139.33272518761737"
"36.029167107675903,139.33280936416088"
"36.029191278754581,139.3329529697038"
"36.029255531717467,139.33333333256735"
"36.029256252074447,139.3333376906819"
"36.029296000310239,139.3335729704163"
"36.029486838247067,139.33360686136757"
"36.029503505382536,139.33343269776086"
"36.029607585721578,139.3333376906819"
"36.029612360222302,139.33333333256735"
"36.029694333426797,139.33325852066423"
"36.029773694100754,139.33333333256735"
"36.029778305824209,139.3333376906819"
"36.029805720757452,139.33336352820436"
"36.029831532199523,139.3333376906819"
"36.029835892112771,139.33333333256735"
"36.03010294579434,139.33306603067285"
"36.0302768378059,139.33286936422985"
"36.030338505217912,139.33275158182016"
"36.030467387060298,139.33264464343563"
"36.030798504847155,139.33283574577308"
"36.030905170737071,139.33263352781512"
"36.03098350528461,139.33244824858787"
"36.031028504661833,139.33217880720622"
"36.031045170897983,139.3318699215597"
"36.031179892038438,139.33182491588718"
"36.031533224878501,139.33169574626177"
"36.032125720725503,139.33147603109398"
"36.032180720563872,139.33146741918608"
"36.032405170662173,139.3314326981606"
"36.03249044078126,139.33141963730645"
"36.032573774660023,139.33142241171504"
"36.032695720930803,139.33142658906593"
"36.032826837588516,139.33143102542158"
"36.033258774772662,139.33145880727818"
"36.033332946358428,139.33144953256999"
"36.033333333066942,139.33144946781874"
"36.033662666598843,139.33140824919144"
"36.033852667266842,139.33133464327921"
"36.034160999830306,139.33113824933082"
"36.034531278595693,139.33097547293983"
"36.03488461323434,139.330885473286"
"36.035081278778023,139.33091435771155"
"36.035504053669179,139.3308332559501"
"36.035506559180419,139.33083269837039"
"36.035641837900528,139.33080686084804"
"36.036207107671942,139.33066075159252"
"36.036801558645095,139.33049797700005"
"36.037021279208723,139.33033574559829"
"36.037098774688729,139.33027880682152"
"36.037401559334569,139.33035744533993"
"36.037536278676384,139.33032383857437"
"36.037760720680751,139.33017771672826"
"36.03792905398268,139.33035189382485"
"36.038381558662081,139.33053133555279"
"36.038651000043672,139.33060994799075"
"36.038892108284244,139.33064328136243"
"36.039048774681248,139.33067688722861"
"36.039420720789678,139.3306766147341"
"36.040081000337921,139.33072189380039"
"36.040101279150747,139.33073133578262"
"36.040334054273217,139.33084077787964"
"36.040486278918706,139.33091243765898"
"36.040601278825989,139.33096632863328"
"36.040768774859146,139.33102077808658"
"36.041267108090608,139.33114771739326"
"36.041233774718989,139.33159717337094"
"36.041222667192422,139.33174494187563"
"36.041163224703098,139.33233939015076"
"36.0411354410478,139.33289438426846"
"36.041139333313652,139.33331328128293"
"36.041137414160403,139.33333333256735"
"36.041136999572927,139.33333771676226"
"36.041130721405693,139.33340383941572"
"36.041099612956828,139.33372549903265"
"36.041043224565215,139.33371411181693"
"36.040962387204445,139.33369744468143"
"36.040885720899325,139.33368189360453"
"36.04085710806914,139.333902166352"
"36.040806558975589,139.33428856006901"
"36.040826279309385,139.33441133641406"
"36.040808774905088,139.33452022003223"
"36.040806837765388,139.33453272420593"
"36.040759054087118,139.33483160759272"
"36.040711559091221,139.33569994799427"
"36.040724333061576,139.33613771728187"
"36.040730720946044,139.33635272359936"
"36.040766279240472,139.33714968930678"
"36.040829613096207,139.33819635537759"
"36.040849053740885,139.33858775562044"
"36.040817386812989,139.33926163381739"
"36.04077377508969,139.33981691302017"
"36.040662946238058,139.34065719817124"
"36.04056377529804,139.34128581079165"
"36.040552108393115,139.34137108900461"
"36.040511414070579,139.34166666738281"
"36.040510837605098,139.34167108934935"
"36.040492360134351,139.34180525291015"
"36.040393467984188,139.3423999736799"
"36.040270413748658,139.34324635533505"
"36.040119865439465,139.34416219163188"
"36.040004864632863,139.34490719810879"
"36.03990013498327,139.34549830090589"
"36.039892640033372,139.34553997369085"
"36.039770414073416,139.34633053172877"
"36.039715972714021,139.34655219213005"
"36.039474305994482,139.3475396891055"
"36.039463468264501,139.34758635492642"
"36.03941958584528,139.34777219173327"
"36.039102081096246,139.34912386467465"
"36.038956532118334,139.34966496786399"
"36.038875531980295,139.35000000039975"
"36.038874441102621,139.35000442326555"
"36.038787080959082,139.35036552534882"
"36.038662918758746,139.35087358025157"
"36.038627359565055,139.35101968860783"
"36.0384212520392,139.35190802903244"
"36.038376532351151,139.35209997403467"
"36.038277640200988,139.35252330740479"
"36.038150693699606,139.35295635525165"
"36.038093468039165,139.35319416298034"
"36.038060694045839,139.35332972768481"
"36.037839864618093,139.35407778196418"
"36.037727360329484,139.35444583670608"
"36.037706252341707,139.35451360601814"
"36.037672918970088,139.35462167305184"
"36.037649864849413,139.35469583744305"
"36.037552918832205,139.35500917023705"
"36.037520413736161,139.35511360580836"
"36.037637640364835,139.35517055807486"
"36.037874027164662,139.35528555078758"
"36.038210693768576,139.35544972832236"
"36.038290972650316,139.35550027201998"
"36.039246252312751,139.35610360559701"
"36.040193197957763,139.35666416292088"
"36.040319026601821,139.35674000005099"
"36.04078069357422,139.35701917029849"
"36.041004586092811,139.35715916956008"
"36.041090694380102,139.3572425034389"
"36.041020414160812,139.35743333328173"
"36.040903198323974,139.35775194599557"
"36.040849586139529,139.35791277625367"
"36.040651252353484,139.35826693916795"
"36.040611081436339,139.35833333341668"
"36.040608387067437,139.35833778236281"
"36.04044708106801,139.3586038908569"
"36.040420694059833,139.35864749718428"
"36.040367359765867,139.35877861204335"
"36.040318198326247,139.35889999983524"
"36.040156252009467,139.35929749658226"
"36.040036802256679,139.35959111533782"
"36.039970972782214,139.35975277567013"
"36.03991208067805,139.35989778235682"
"36.039897919053772,139.359931388223"
"36.039830693831505,139.3600899998537"
"36.039764585567241,139.36023722426853"
"36.039702359676198,139.3603755507911"
"36.039661532253945,139.36051167307528"
"36.039633468010209,139.36060555060578"
"36.039396531724606,139.36120277598741"
"36.039101802306391,139.36192693887722"
"36.038934026584116,139.36228360640337"
"36.038922359679191,139.36231277591389"
"36.038868467805578,139.36244555092151"
"36.038804865052555,139.36260333337725"
"36.038763197663513,139.3627061087999"
"36.038660693835993,139.36295944242443"
"36.038564306297758,139.36321666741537"
"36.038353468337959,139.36361500592784"
"36.038328747773562,139.36366194604204"
"36.038263467784873,139.3638680535679"
"36.03818430586108,139.36411749672516"
"36.037948467647709,139.36468085633646"
"36.037828468409145,139.36502169939195"
"36.037646531961911,139.36545613489272"
"36.03736791929407,139.36613197091378"
"36.037144775011427,139.36666666733288"
"36.03714291881073,139.3666711405607"
"36.037137360101156,139.36668447480872"
"36.036826504939313,139.36741391671899"
"36.036593720823589,139.36794752315973"
"36.036630108292911,139.36825752306629"
"36.036644558599562,139.36838280222457"
"36.036655667025457,139.3684758631706"
"36.036664838311708,139.36855530478351"
"36.036875946068108,139.36869114108336"
"36.0371709461823,139.36887364500274"
"36.037289558666259,139.36894725001562"
"36.037567891644926,139.36911946838882"
"36.038115666904559,139.36945808022631"
"36.038783721091932,139.36983891073726"
"36.039198170958855,139.37007503223697"
"36.039411505436703,139.37028058398187"
"36.039494558726972,139.37036919598165"
"36.039553720627737,139.37043197135847"
"36.039755387301341,139.37064697767596"
"36.03961483765471,139.37101752264061"
"36.039509559418661,139.3713394682419"
"36.03937733299756,139.37163169934354"
"36.039332053931219,139.37179642006879"
"36.039145108260186,139.37222642011329"
"36.039528721273541,139.37246836562269"
"36.039899559417165,139.37270199689965"
"36.040157612683743,139.37286477329076"
"36.040877332922605,139.37332949436075"
"36.041118441163178,139.37348533068348"
"36.041505387064035,139.37379116672901"
"36.041569837877773,139.37384199731036"
"36.041644558949315,139.37390116730512"
"36.041645387224889,139.37390172488472"
"36.041666225416009,139.37391997392774"
"36.041666666983133,139.37392036333415"
"36.042033720779671,139.37424199687075"
"36.042052612837892,139.37428810601136"
"36.04206955876316,139.37432977969559"
"36.042124838290704,139.37446505841581"
"36.042143170970633,139.3745097799025"
"36.042155387361277,139.37483839217816"
"36.042158945978599,139.37500000034981"
"36.042159053897251,139.37500450055734"
"36.042164278958353,139.3752419971205"
"36.042167612745175,139.37539839192232"
"36.042106252001986,139.37588282703086"
"36.042033720779671,139.37645727618246"
"36.041989278982101,139.37671422777942"
"36.041970386923879,139.37682282721175"
"36.041955387131452,139.37690977996249"
"36.041933171178982,139.377037561934"
"36.041867053921465,139.37741978009888"
"36.041839279259364,139.37758061035697"
"36.041710386625091,139.37836422832652"
"36.041668999824537,139.37861505823844"
"36.041666666983133,139.37862817125313"
"36.041666225416009,139.37863072622713"
"36.041552053784301,139.37927422802329"
"36.041367612725196,139.3803125546807"
"36.04124955872021,139.38105341078631"
"36.041172054246942,139.38154119317164"
"36.041160667031193,139.3816098051484"
"36.041041774858058,139.38232396937576"
"36.041008972985765,139.38268286632126"
"36.041014531695339,139.38284591430761"
"36.041031134978937,139.38333333336675"
"36.041031278870491,139.3833378596546"
"36.04105202712941,139.38394674384722"
"36.041019531925883,139.38490341116358"
"36.040988413584444,139.38510258131919"
"36.040943414207277,139.38539258120272"
"36.040911197793605,139.38557758793536"
"36.040900360063631,139.38567535683228"
"36.040954531626369,139.38575147904763"
"36.041030640351835,139.38578425394019"
"36.04111730621878,139.38577341081429"
"36.041323694333073,139.38571897485087"
"36.04166619843636,139.38556433192844"
"36.041666666983133,139.38556411159459"
"36.041707586136226,139.38554564221772"
"36.042166198111602,139.38534730213635"
"36.042663972864091,139.38513230930869"
"36.042696468067618,139.38512147877327"
"36.042718135433631,139.38515396858088"
"36.042740080690237,139.38528452675965"
"36.042772585786281,139.3853281447781"
"36.043082027213813,139.38516369564809"
"36.043467865149921,139.38495841819656"
"36.04351869393264,139.38492092096385"
"36.043883973366746,139.38465258125166"
"36.044140081399689,139.38449674402955"
"36.044383973041988,139.38434814455127"
"36.045025080842834,139.38409785962858"
"36.046103973219829,139.38360786041449"
"36.046637414185341,139.3833378596546"
"36.04664638672142,139.38333333336675"
"36.046736198416852,139.38328786004672"
"36.047823973397726,139.38273678337589"
"36.048269531713572,139.38255177664325"
"36.048334801809688,139.38249732808924"
"36.048367306006412,139.38238871606643"
"36.048399802109259,139.38224732825165"
"36.048443413832558,139.38221455335906"
"36.048519531551165,139.38221455335906"
"36.048568414200986,139.38222177671366"
"36.048595640276631,139.3822256680802"
"36.048834531688328,139.38221455335906"
"36.049291198430126,139.38213150456534"
"36.04955174821464,139.38208428026542"
"36.049655919385202,139.38207593995276"
"36.049693135130155,139.38207316464491"
"36.049768973159644,139.3821276131988"
"36.049801748052289,139.3822690010137"
"36.049801748052289,139.38257345030456"
"36.049785505396812,139.38261121913251"
"36.049736468063607,139.38272566775538"
"36.049498973299023,139.382879001265"
"36.049270639928125,139.38297678275239"
"36.049129531802521,139.38304204925126"
"36.049053414083858,139.38310732834054"
"36.049042586246401,139.3831942801919"
"36.049077387311627,139.38333333336675"
"36.049078532148599,139.38333788573493"
"36.049097026706477,139.38341177673215"
"36.04920563962861,139.38358594033889"
"36.049335919017494,139.38369455326108"
"36.049433694209654,139.38371622602313"
"36.04952897288382,139.38373538338135"
"36.049542306232524,139.38373817127967"
"36.04966397281413,139.38378094663346"
"36.049730081078451,139.3838042804432"
"36.049802586220437,139.38382955858731"
"36.049816468155541,139.38383455342193"
"36.049944531614869,139.38387955909448"
"36.049999532352615,139.38388702976272"
"36.05,139.38388708192338"
"36.05018341403337,139.38391204890195"
"36.050512305998154,139.3839467834174"
"36.050794801938594,139.38401204901686"
"36.051055640405536,139.38415345032149"
"36.051196747631877,139.38424038868311"
"36.051294720674889,139.38440839193379"
"36.051425081002719,139.38463177723474"
"36.051457586098763,139.38474066085291"
"36.05146841393622,139.38483844413895"
"36.051359801913406,139.3851648377871"
"36.0511425859616,139.38557788561104"
"36.051055640405536,139.38577372197972"
"36.051045080566041,139.3858173283071"
"36.051098973338981,139.3858173283071"
"36.051196747631877,139.38578455341451"
"36.05126202672119,139.38574121868237"
"36.051501197822063,139.38555622633885"
"36.052145919098962,139.3850656677464"
"36.05231953232061,139.38492678274486"
"36.052341748273136,139.38490871626436"
"36.052526198325438,139.3847612193548"
"36.053016198438854,139.38449566844042"
"36.053047585677575,139.38447844372524"
"36.053075918818649,139.38446345022805"
"36.053210360269986,139.38439150536374"
"36.053503693940399,139.38432622627442"
"36.053655918585832,139.38426097326533"
"36.054007306192261,139.38398708203829"
"36.054278973395981,139.38384569422351"
"36.05444202677819,139.38381291843154"
"36.054550639700324,139.38375846987753"
"36.054583134903794,139.38370430640873"
"36.054605081059719,139.3836390273193"
"36.054615414270017,139.38333791181526"
"36.054615586040541,139.38333333336675"
"36.054615918789693,139.38332347589778"
"36.054659251723137,139.38302985714222"
"36.054767864645271,139.38262763895443"
"36.054898135040958,139.38239930018767"
"36.055223972908095,139.38207291823062"
"36.055300080734185,139.38199680860589"
"36.055419532285612,139.38198875517696"
"36.055463135015714,139.38198596637926"
"36.055571747937847,139.38200763914134"
"36.055773413712132,139.38208070006431"
"36.055780918554603,139.38208319118644"
"36.055847864987015,139.38210763925622"
"36.055908973020735,139.38212958541217"
"36.05605397341219,139.38218208783314"
"36.056347306183284,139.38232347564792"
"36.056543135357458,139.38235596635479"
"36.056630080913578,139.38232347564792"
"36.056684251576996,139.38224736692246"
"36.056738693835712,139.38212763927925"
"36.056771198032436,139.38207319072524"
"36.056836468128552,139.38204070001836"
"36.056923413684672,139.3820298568925"
"36.057075918918599,139.38200430625375"
"36.057379531839956,139.38195374816701"
"36.057529251873518,139.3819187546469"
"36.057846747629355,139.38184486364958"
"36.058332865369493,139.38178128427887"
"36.058333333016947,139.38178121862836"
"36.058613414277723,139.38174457755031"
"36.058763414000396,139.38172486441101"
"36.05970841441183,139.38151819660754"
"36.060164251978676,139.38137097309198"
"36.060689531596665,139.3812015300266"
"36.061341468134287,139.38100569365793"
"36.061710639834189,139.38083180344506"
"36.061872305562531,139.38070347558505"
"36.062025918761208,139.38058180270809"
"36.062477305583229,139.38014208818686"
"36.062484802331824,139.38013486393288"
"36.062809053794865,139.3798002459846"
"36.063180359585999,139.37941708173298"
"36.064008693646372,139.37864457758531"
"36.064508413632439,139.37827488967446"
"36.064649802346537,139.37819878094899"
"36.064780080836101,139.37816600515703"
"36.064878134818116,139.37814433239512"
"36.065062864559593,139.37816600515703"
"36.065192865158679,139.37820961058515"
"36.065529801559137,139.37841627838861"
"36.065649252211244,139.37848128408405"
"36.065783973351756,139.37848044141936"
"36.066555359642166,139.37807822323148"
"36.066666198386372,139.37805596591011"
"36.066666666933202,139.37805586338746"
"36.06677258638581,139.37803461690407"
"36.066859531941873,139.37804544743949"
"36.067033414060859,139.37815433195692"
"36.067611748283582,139.37847016936291"
"36.067709531569676,139.37849182863499"
"36.067828973228586,139.37848099899895"
"36.068328972903828,139.37857849540126"
"36.068861467782547,139.37875267159859"
"36.069376198352927,139.37877377419034"
"36.069908414441841,139.37868683492957"
"36.070506198302439,139.37845849526343"
"36.070689802092772,139.3783668345618"
"36.071444801836208,139.37798988282691"
"36.072227026755911,139.37743571968281"
"36.072378972611546,139.3772290527786"
"36.072476747803705,139.37704406043508"
"36.072531198156298,139.37702238677377"
"36.072639802085234,139.3770660308727"
"36.072813694096737,139.37715297013358"
"36.073291747616111,139.37750075235795"
"36.073957864663782,139.37794741863854"
"36.07454480180121,139.37820852060679"
"36.074999532302627,139.37835072590531"
"36.07499999995008,139.37835085630707"
"36.075240359954705,139.37842603063689"
"36.075522864888342,139.37852380043307"
"36.075917305739097,139.37877435785038"
"36.076645081205584,139.37901352805193"
"36.076732026761704,139.37901352805193"
"36.07701453169534,139.37887214023715"
"36.077351468095856,139.37874158205841"
"36.077648134653771,139.37862131032526"
"36.078191198365175,139.37829491577781"
"36.078850081266296,139.37792741861551"
"36.078853972632771,139.3779251882969"
"36.079093134740447,139.37783827511635"
"36.079682586382319,139.3776629963503"
"36.079823973297778,139.37757605708941"
"36.080008414356882,139.37744549891067"
"36.080269251924506,139.37722800326981"
"36.080725639876448,139.37692355397894"
"36.081018972647549,139.3767824377594"
"36.081490918870884,139.37670549895972"
"36.082496467937688,139.37658549882178"
"36.082675081389937,139.37656411204421"
"36.083332865319505,139.37654608333514"
"36.083333332967015,139.37654608333514"
"36.083840359944702,139.37653216632646"
"36.084122864878339,139.3765538390885"
"36.084285919159868,139.37660827505192"
"36.084557586363587,139.37677133562875"
"36.084763972679241,139.37699966270429"
"36.084799252183814,139.37718133565022"
"36.084840081404707,139.37739105125604"
"36.084994801668813,139.37765328097419"
"36.085972864755945,139.37894719765507"
"36.086352865192623,139.37941496832616"
"36.086508413732361,139.37958108929593"
"36.086652585848185,139.37970552489017"
"36.086894802053507,139.38006442273502"
"36.087298414190514,139.38042330709004"
"36.087612306362928,139.38057608301983"
"36.088087586373092,139.38071053166573"
"36.088374251570485,139.38080024623446"
"36.088930081158367,139.38102442293882"
"36.089270918817874,139.38118608327125"
"36.089469251704656,139.38131830069904"
"36.089893134560555,139.38160138839339"
"36.090068972704955,139.38171888481872"
"36.09035591939022,139.38187138825401"
"36.09050841383231,139.38187138825401"
"36.09091202686858,139.38193416273145"
"36.091145080780905,139.38205082998184"
"36.09149453214701,139.38240972782671"
"36.091666198336441,139.38258955896106"
"36.091666666883214,139.38259005178952"
"36.091880081400689,139.38281360616304"
"36.092357505394602,139.38333333336675"
"36.092361865307907,139.38333805390812"
"36.092391197595759,139.38336999962587"
"36.093538693855692,139.38423138826806"
"36.093700080794122,139.38433917021655"
"36.093806747583415,139.38420111528933"
"36.093852586028049,139.38414167280007"
"36.094030640102005,139.38410834032766"
"36.09416508065403,139.38412642029812"
"36.094478694036525,139.38421613486685"
"36.095178134563298,139.38439557659467"
"36.095796747621876,139.38475447533881"
"36.096809802430471,139.38575946772528"
"36.097198413875731,139.38609975410043"
"36.097199802428982,139.38610085577"
"36.09726174773153,139.38615503182928"
"36.097368134831584,139.38624836616918"
"36.097434531778276,139.38630613502016"
"36.097455639765997,139.38632474738927"
"36.097545919108939,139.3863725292689"
"36.09788397336672,139.38655058424217"
"36.098287586403046,139.38664031140127"
"36.098478134758182,139.38665114103742"
"36.098601197986966,139.38665836619066"
"36.098807586101259,139.38668505806902"
"36.099004802030038,139.38679282742714"
"36.099435080864339,139.38701700413151"
"36.099695081163134,139.38701700413151"
"36.099999532252639,139.38705457780657"
"36.099999999900149,139.38705464255781"
"36.100277865231362,139.38708894899582"
"36.100797864929575,139.38713367138189"
"36.10154005383049,139.38712505767535"
"36.101768108411534,139.38715005163363"
"36.101948667097361,139.38715116679293"
"36.102050892135026,139.38715199686726"
"36.102320053827498,139.38718783395143"
"36.102450891695355,139.38724450113284"
"36.102491999706046,139.38726255502297"
"36.102540892248442,139.38728367110457"
"36.102588945723312,139.38730450120181"
"36.102727837919417,139.38740282677907"
"36.102741441064722,139.38741228315041"
"36.103037279347006,139.38743922234232"
"36.103153945698068,139.38751116720664"
"36.103169774665446,139.38755644627304"
"36.103216721074887,139.38769033733922"
"36.103225892361081,139.38804949418886"
"36.103302000187227,139.38841505780874"
"36.103397000071539,139.38860533097136"
"36.103537838400598,139.38877313906914"
"36.103763386571075,139.38883591444596"
"36.104096721186806,139.38883591444596"
"36.104259774569016,139.38887147903563"
"36.104472558661712,139.38897785984045"
"36.104699505278006,139.3891339686578"
"36.104806171167922,139.38924063634636"
"36.104951170660058,139.38968119263302"
"36.105071721183037,139.39031286564625"
"36.105093107960613,139.39061814501144"
"36.105043387142643,139.39077452722267"
"36.104972278647779,139.3908453569278"
"36.104844774566743,139.39088785978697"
"36.104795053748774,139.3909375877995"

